{
  "ok": true,
  "rows": 3179,
  "mean": 0.35750530889774834,
  "median": 0.3097996909501928,
  "p10": 0.13999999999999999,
  "min": 0.13999999999999982,
  "max": 1.1440743963739155,
  "below_0_20_share": 0.28656810317709974,
  "below_0_10_share": 0.0
}