{
  "generated_at_utc": "2026-02-17T22:10:26.689131+00:00",
  "source_returns": "runs_plus/wf_oos_returns.csv",
  "primary_metrics": {
    "n": 795,
    "sharpe": 1.4864619142330573,
    "hit_rate": 0.4880503144654088,
    "ann_return": 0.05228390331606324,
    "ann_vol": 0.03517338910054912,
    "max_drawdown": -0.018831108199889646
  },
  "strict_oos": {
    "method": "strict_holdout_costed",
    "source": "runs_plus/daily_returns.csv",
    "rows_total": 3179,
    "split_index": 2384,
    "train_frac_requested": 0.75,
    "train_rows": 2384,
    "oos_rows": 795,
    "metrics_full_net": {
      "n": 3179,
      "mean_daily": 0.00033250649746677653,
      "vol_daily": 0.003543912604122736,
      "sharpe": 1.4894207615393296,
      "hit_rate": 0.48914753067002203,
      "max_drawdown": -0.03871834519079753,
      "ann_return_arith": 0.08379163736162769,
      "ann_vol": 0.056257868511936336
    },
    "metrics_train_net": {
      "n": 2384,
      "mean_daily": 0.0003742008762722784,
      "vol_daily": 0.0038867128277145367,
      "sharpe": 1.5283492805632317,
      "hit_rate": 0.48951342281879195,
      "max_drawdown": -0.03871834519079753,
      "ann_return_arith": 0.09429862082061416,
      "ann_vol": 0.06169965335794379
    },
    "metrics_oos_net": {
      "n": 795,
      "mean_daily": 0.00020747580680977477,
      "vol_daily": 0.0022157152468895904,
      "sharpe": 1.4864619142330573,
      "hit_rate": 0.4880503144654088,
      "max_drawdown": -0.018979099708252484,
      "ann_return_arith": 0.05228390331606324,
      "ann_vol": 0.03517338911642362
    },
    "metrics_oos_robust": {
      "n": 252,
      "sharpe": 1.6526001260608083,
      "hit_rate": 0.4880503144654088,
      "max_drawdown": -0.03768836710461394,
      "sharpe_p25": 1.5696398738228372,
      "hit_rate_p25": 0.4861741642591828,
      "max_drawdown_worst": -0.03768836710461415,
      "num_splits": 5
    },
    "metrics_oos_latest": {
      "n": 252,
      "mean_daily": 0.0002717777818164332,
      "vol_daily": 0.0024043528731780765,
      "sharpe": 1.7943865825533458,
      "hit_rate": 0.4880952380952381,
      "max_drawdown": -0.018979099708252425,
      "ann_return_arith": 0.06848800101774118,
      "ann_vol": 0.03816791859883687
    },
    "latest_holdout_days_requested": 252,
    "latest_holdout_days_used": 252,
    "robust_oos_splits_file": "/Users/desmondpottle/Documents/New project/q/runs_plus/strict_oos_splits.json",
    "cost_context": {
      "gross_full": {
        "n": 3179,
        "mean_daily": 0.0004081292428454407,
        "vol_daily": 0.0035442877369644315,
        "sharpe": 1.8279697803547037,
        "hit_rate": 0.5048757470902799,
        "max_drawdown": -0.03731063222734193,
        "ann_return_arith": 0.10284856919705106,
        "ann_vol": 0.05626382356118277
      },
      "cost": {
        "mean_daily": 7.562274537866411e-05,
        "ann_cost_estimate": 0.019056931835423355,
        "sum": 0.24040470755877322
      }
    }
  },
  "cost_stress": {
    "ok": false,
    "weights_source": "runs_plus/portfolio_weights_final.csv",
    "rows_total": 3179,
    "thresholds": {
      "min_robust_sharpe": 0.9,
      "min_robust_hit_rate": 0.48,
      "min_robust_hit_rate_effective": 0.475,
      "robust_hit_rate_tolerance": 0.005,
      "max_abs_robust_mdd": 0.12
    },
    "settings": {
      "bps_list": [
        10.0,
        15.0,
        20.0
      ],
      "vol_scaled_bps": 0.6897987767221483,
      "vol_lookback": 20,
      "vol_ref_daily": 0.0063,
      "half_turnover": true,
      "fixed_daily_fee": 0.0,
      "cash_yield_annual": 0.01,
      "cash_exposure_target": 1.0
    },
    "worst_case_robust": {
      "sharpe": 1.2562394072943635,
      "hit_rate": 0.46624136097820307,
      "hit_rate_n": 252,
      "max_drawdown": -0.042759219211439214
    },
    "scenarios": [
      {
        "base_bps": 10.0,
        "oos_sharpe": 1.4864619142330573,
        "oos_hit_rate": 0.4880503144654088,
        "oos_max_drawdown": -0.018979099708252484,
        "oos_n": 795,
        "oos_robust_sharpe": 1.6526001260608083,
        "oos_robust_hit_rate": 0.4880503144654088,
        "oos_robust_max_drawdown": -0.03768836710461394,
        "oos_robust_n": 252,
        "ann_cost_estimate": 0.019056931835423355
      },
      {
        "base_bps": 15.0,
        "oos_sharpe": 1.2456367067359626,
        "oos_hit_rate": 0.4767295597484277,
        "oos_max_drawdown": -0.01962732676832496,
        "oos_n": 795,
        "oos_robust_sharpe": 1.4545258251628093,
        "oos_robust_hit_rate": 0.4767295597484277,
        "oos_robust_max_drawdown": -0.04012291172087551,
        "oos_robust_n": 252,
        "ann_cost_estimate": 0.028258957361876395
      },
      {
        "base_bps": 20.0,
        "oos_sharpe": 1.0045538788756905,
        "oos_hit_rate": 0.4628930817610063,
        "oos_max_drawdown": -0.02027555382839752,
        "oos_n": 795,
        "oos_robust_sharpe": 1.2562394072943635,
        "oos_robust_hit_rate": 0.46624136097820307,
        "oos_robust_max_drawdown": -0.042759219211439214,
        "oos_robust_n": 252,
        "ann_cost_estimate": 0.037460982888329435
      }
    ],
    "reasons": [
      "cost_stress_robust_hit<0.475 (0.466; tol=0.005)"
    ]
  },
  "final_portfolio_info": {
    "steps": [
      "base=runs_plus/weights_asset_class_diversified.csv",
      "asset_class_diversification",
      "adaptive_caps",
      "turnover_governor",
      "turnover_source=runs_plus/weights_turnover_budget_governed.csv",
      "meta_execution_gate",
      "council_gate",
      "meta_mix_leverage",
      "meta_mix_reliability",
      "legacy_scaler",
      "dna_stress_governor",
      "hive_diversification",
      "hive_persistence",
      "global_governor",
      "quality_governor",
      "regime_fracture_governor",
      "credit_leadlag_overlay",
      "cross_sectional_momentum_overlay",
      "microstructure_overlay",
      "calendar_event_overlay",
      "shock_mask_guard",
      "vol_target",
      "runtime_floor",
      "concentration_governor",
      "signal_deadzone"
    ],
    "T": 3179,
    "N": 41,
    "disabled_governors": [
      "asset_class_diversification",
      "capacity_impact_guard",
      "dream_coherence",
      "execution_hit_gate",
      "heartbeat_scaler",
      "low_vol_sleeve_blend",
      "macro_proxy_guard",
      "novaspine_context_boost",
      "novaspine_hive_boost",
      "rank_sleeve_blend",
      "reflex_health_governor",
      "regime_moe_governor",
      "symbolic_governor",
      "uncertainty_sizing"
    ],
    "runtime_total_floor_target": 0.14,
    "governor_params_profile_file": "/Users/desmondpottle/Documents/New project/q/runs_plus/governor_params_profile.json",
    "governor_params_applied": {
      "runtime_total_floor": 0.14,
      "shock_alpha": 0.8,
      "rank_sleeve_blend": 0.027669876018997355,
      "low_vol_sleeve_blend": 0.0,
      "meta_execution_gate_strength": 1.1500000000000001,
      "hit_gate_strength": 0.0,
      "hit_gate_threshold": 0.4058429447740963,
      "hit_gate_floor": 0.35,
      "hit_gate_ceiling": 1.05,
      "hit_gate_slope": 14.0,
      "signal_deadzone": 0.0015,
      "signal_deadzone_hit_sens": 1.0,
      "council_gate_strength": 0.65,
      "meta_mix_leverage_strength": 1.2000000000000002,
      "meta_reliability_strength": 0.7000000000000001,
      "global_governor_strength": 0.8,
      "heartbeat_scaler_strength": 1.2000000000000002,
      "quality_governor_strength": 0.8,
      "regime_moe_strength": 0.0,
      "uncertainty_sizing_strength": 1.25,
      "capacity_impact_strength": 0.0,
      "credit_leadlag_strength": 0.35,
      "cross_sectional_momentum_strength": 0.16,
      "microstructure_strength": 0.2,
      "calendar_event_strength": 0.12,
      "macro_proxy_strength": 0.0,
      "vol_target_strength": 0.45,
      "vol_target_annual": 0.1,
      "vol_target_lookback": 63,
      "vol_target_min_scalar": 0.4,
      "vol_target_max_scalar": 1.4,
      "vol_target_smooth_alpha": 0.1,